{
  "rapperswil": [
    47.2266532,
    8.8164042
  ],
  "Jona": [
    47.2299661,
    8.837658
  ],
  "Scuol": [
    46.7976371,
    10.2996234
  ],
  "Rossens": [
    46.7242191,
    7.0978729
  ],
  "Schwyz": [
    47.0571976,
    8.7222073
  ],
  "Hallau": [
    47.6965281,
    8.4578613
  ],
  "Blatten, Belalp": [
    46.3825776,
    7.9795595
  ],
  "Rankweil": [
    47.2731056,
    9.6315094
  ],
  "Zürich": [
    47.3744489,
    8.5410422
  ],
  "Oberwald": [
    46.5328571,
    8.3520502
  ],
  "Bignasco": [
    46.3397342,
    8.6085558
  ],
  "Malbun": [
    47.102619,
    9.6083069
  ],
  "Basel, Schifflände": [
    47.5598171,
    7.5881562
  ],
  "Yverdon-les-Bains": [
    46.7785711,
    6.6409158
  ],
  "Sonogno": [
    46.3503084,
    8.7863269
  ],
  "Amriswil": [
    47.5500227,
    9.2981219
  ],
  "Gruyères": [
    46.5836823,
    7.08159
  ],
  "Gsteig": [
    46.3855821,
    7.2673253
  ],
  "Schwägalp": [
    47.256134,
    9.3192548
  ],
  "Genève": [
    46.2017559,
    6.1466014
  ],
  "Meyrin": [
    46.2283226,
    6.0712016
  ],
  "Hermance": [
    46.3021881,
    6.2437346
  ],
  "Bassins": [
    46.464053,
    6.2316394
  ],
  "Saint-Cergue": [
    46.4460968,
    6.158111
  ],
  "Bretaye": [
    46.3200336,
    7.0733557
  ],
  "Solalex": [
    46.2884199,
    7.1370265
  ],
  "Vallorbe": [
    46.7120146,
    6.3792318
  ],
  "Romainmôtier": [
    46.6932583,
    6.4611912
  ],
  "La Cure": [
    46.4649715,
    6.0734171
  ],
  "Le Sentier": [
    46.606022,
    6.2314896
  ],
  "Yvonand": [
    46.7983158,
    6.7445021
  ],
  "Rougemont": [
    46.4899991,
    7.2106992
  ],
  "Plambuit": [
    46.3271447,
    7.0237739
  ],
  "Lausanne, Ouchy": [
    46.5074198,
    6.6262395
  ],
  "La Vraconnaz, Les Rochettes": [
    46.8459175,
    6.4694927
  ],
  "Saas Grund": [
    46.1278436,
    7.9370051
  ],
  "Verbier": [
    46.0961011,
    7.2286765
  ],
  "Grächen": [
    46.1960178,
    7.8421612
  ],
  "Fafleralp": [
    46.4348766,
    7.8545552
  ],
  "Gruben": [
    46.4902893,
    7.2803213
  ],
  "Birgisch": [
    46.3170628,
    7.9561748
  ],
  "Fäld": [
    46.3702825,
    8.212706
  ],
  "Simplon, Engeloch": [
    46.224488,
    8.020277
  ],
  "Col du Grand-St-Bernard": [
    45.8690526,
    7.1704088
  ],
  "Van d’en Haut": [
    46.1402873,
    7.000469
  ],
  "Vercorin, Crêt du Midi": [
    46.2294371,
    7.5296886
  ],
  "Liddes": [
    45.9917015,
    7.1865245
  ],
  "Ovronnaz, Jorasse": [
    46.204643,
    7.1605142
  ],
  "Moiry, Barrage": [
    46.0906851,
    7.5954924
  ],
  "Nendaz, Tracouet": [
    46.1611161,
    7.2831599
  ],
  "Crans-Montana, Cry-d'Er": [
    46.3349082,
    7.4783728
  ],
  "Torgon, La Jorette": [
    46.3149347,
    6.8686884
  ],
  "Corbières": [
    46.6582727,
    7.1077166
  ],
  "Jaun, Musersbergli": [
    46.5964114,
    7.284494
  ],
  "Rossinière": [
    46.4675176,
    7.083061
  ],
  "Les Paccots, Les Rosalys": [
    46.5142595,
    6.9667776
  ],
  "Riggisalp, Bergstation": [
    46.6588976,
    7.2937039
  ],
  "Sugiez": [
    46.9617498,
    7.1126452
  ],
  "Romont": [
    46.6920268,
    6.9155294
  ],
  "Charmey, La Valsainte": [
    46.6499314,
    7.189528
  ],
  "Montbovon": [
    46.4876836,
    7.0436436
  ],
  "Schwarzsee": [
    46.6651365,
    7.280644
  ],
  "Noiraigue": [
    46.954554,
    6.7249296
  ],
  "Les Hauts Geneveys": [
    47.0529176,
    6.8561789
  ],
  "La Brévine": [
    46.9801928,
    6.6070172
  ],
  "Station Höhi Wispile": null,
  "Zweisimmen, Sparenmoos": [
    46.5511623,
    7.3396399
  ],
  "Lenk": [
    46.4558879,
    7.4416976
  ],
  "Oey-Diemtigen": [
    46.6599426,
    7.5791865
  ],
  "Zwischenflüh": [
    46.6070635,
    7.5154413
  ],
  "Grimmialp": [
    46.57316,
    7.4851984
  ],
  "Schwanden, Säge": [
    47.0363927,
    7.3840082
  ],
  "Niederhorn": [
    46.7117062,
    7.7770938
  ],
  "Rosenlaui": [
    46.6801611,
    8.1533715
  ],
  "Kehrsatz": [
    46.9101275,
    7.4709596
  ],
  "Chasseral, Hôtel": [
    47.1268843,
    7.0456456
  ],
  "Sonvilier": [
    47.1390852,
    6.9665391
  ],
  "Perrefitte": [
    47.2753454,
    7.3428312
  ],
  "Corcelles BE": [
    47.2857616,
    7.4556693
  ],
  "Bellelay": [
    47.2632335,
    7.1667632
  ],
  "Untergrenchenberg": [
    47.2214876,
    7.3810915
  ],
  "Saint-Imier": [
    47.151775,
    6.9971967
  ],
  "Vicques": [
    47.3536951,
    7.4210708
  ],
  "St-Ursanne": [
    47.3646034,
    7.1539488
  ],
  "Montsevelier": [
    47.3598908,
    7.5107055
  ],
  "Bonfol": [
    47.4771256,
    7.1568037
  ],
  "Le Noirmont": [
    46.4842097,
    6.1157374
  ],
  "Glovelier": [
    47.3238285,
    7.1856593
  ],
  "Liestal": [
    47.4839723,
    7.7347783
  ],
  "Langenbruck": [
    47.3498274,
    7.7681007
  ],
  "Solothurn": [
    47.31874,
    7.6698284
  ],
  "Welschenrohr": [
    47.2806485,
    7.5252234
  ],
  "Hägendorf": [
    47.3331671,
    7.8365612
  ],
  "Hellbühl": [
    47.0707581,
    8.197178
  ],
  "Romoos": [
    47.0115225,
    8.0282996
  ],
  "Wolfenschiessen": [
    46.9080603,
    8.3954757
  ],
  "Emmetten": [
    46.9565663,
    8.5128414
  ],
  "Stans": [
    46.9570611,
    8.3661026
  ],
  "Engelberg": [
    46.8223497,
    8.4043996
  ],
  "Melchsee-Frutt": [
    46.7741051,
    8.2695375
  ],
  "Lungern, Turren": [
    46.7895714,
    8.1324548
  ],
  "Mörlialp": [
    46.825086,
    8.1095816
  ],
  "Golzern": [
    46.7770111,
    8.7296253
  ],
  "Bargen": [
    47.0383598,
    7.2630166
  ],
  "Klausenpass": [
    46.868191,
    8.8554418
  ],
  "Isleten": [
    46.9193013,
    8.5959917
  ],
  "Maggia": [
    46.3596308,
    8.648602
  ],
  "Sobrio": [
    46.3997265,
    8.9015965
  ],
  "Monte Carasso": [
    46.1875856,
    8.9991688
  ],
  "Camedo": [
    46.1547927,
    8.610916
  ],
  "Corticiasca": [
    46.0875657,
    9.0183508
  ],
  "Alpe Foppa": [
    46.122569,
    8.8936799
  ],
  "Bellavista": [
    45.9111955,
    9.0012632
  ],
  "Tremona": [
    45.8807051,
    8.9565873
  ],
  "Spruga": [
    46.2008081,
    8.567967
  ],
  "Flims": [
    46.8332439,
    9.2834557
  ],
  "Ftan, Prui": [
    46.8055187,
    10.2510649
  ],
  "Samnaun Dorf": [
    46.9447715,
    10.3617875
  ],
  "Sedrun": [
    46.6809591,
    8.7762198
  ],
  "Oberalppass": [
    46.658739,
    8.6711693
  ],
  "Disentis, Caischavedra": [
    46.7027219,
    8.8284545
  ],
  "Bergstation Burleun": null,
  "Disentis, Bahnhof": null,
  "Wergenstein": [
    46.6267054,
    9.4075641
  ],
  "Pany, Schwimmbad": [
    46.9306745,
    9.7673727
  ],
  "Furna": [
    46.9371235,
    9.6766862
  ],
  "St. Antönien": [
    46.969739,
    9.813468
  ],
  "Cavaione, Pescia Bassa": null,
  "Versam": [
    46.7928364,
    9.3364282
  ],
  "Grono": [
    46.2473782,
    9.1458622
  ],
  "Chur, Brambrüesch": [
    46.8218073,
    9.5142799
  ],
  "Lenzerheide": [
    46.7280297,
    9.5584408
  ],
  "Andeer, Roflaschlucht": [
    46.5805855,
    9.4188013
  ],
  "Splügen": [
    46.5417225,
    9.3226177
  ],
  "Glaspass": [
    46.676747,
    9.3452475
  ],
  "Nagens Sura": [
    46.8653891,
    9.2356462
  ],
  "Arosa": [
    46.7797248,
    9.6781356
  ],
  "Arosa, Bahnhof": [
    46.7983887,
    9.7032644
  ],
  "Bivio": [
    46.4687474,
    9.6496931
  ],
  "Klosters": [
    46.8829097,
    9.8750678
  ],
  "Davos": [
    46.796198,
    9.8236892
  ],
  "Glaris": [
    46.9796562,
    9.108812
  ],
  "Flüelapass": [
    46.7474997,
    9.9502838
  ],
  "Casaccia": [
    46.3910938,
    9.6661855
  ],
  "Tschierv, Süsom Tschierv": [
    46.6293829,
    10.3256602
  ],
  "S-chanf, Parc Naziunal": [
    46.6180667,
    10.0103598
  ],
  "Näfels": [
    47.0997753,
    9.0630051
  ],
  "Näfels, Obersee": [
    47.0939861,
    9.0424589
  ],
  "Gersau": [
    46.9923,
    8.5264727
  ],
  "Pragelpass": [
    46.9993678,
    8.8695
  ],
  "Dachsen": [
    47.6661896,
    8.6150532
  ],
  "Steg": [
    47.3514114,
    8.9351412
  ],